<annotation>
	<folder>p</folder>
	<filename>1.jpg</filename>
	<path>D:\else\yolox\img\p\1.jpg</path>
	<source>
		<database>Unknown</database>
	</source>
	<size>
		<width>3024</width>
		<height>4032</height>
		<depth>3</depth>
	</size>
	<segmented>0</segmented>
	<object>
		<name>panel</name>
		<pose>Unspecified</pose>
		<truncated>0</truncated>
		<difficult>0</difficult>
		<bndbox>
			<xmin>112</xmin>
			<ymin>117</ymin>
			<xmax>239</xmax>
			<ymax>440</ymax>
		</bndbox>
	</object>
	<object>
		<name>panel</name>
		<pose>Unspecified</pose>
		<truncated>0</truncated>
		<difficult>0</difficult>
		<bndbox>
			<xmin>1079</xmin>
			<ymin>943</ymin>
			<xmax>1770</xmax>
			<ymax>3240</ymax>
		</bndbox>
	</object>
</annotation>
