<annotation>
	<folder>n</folder>
	<filename>7.jpg</filename>
	<path>D:\else\yolox\img\n\7.jpg</path>
	<source>
		<database>Unknown</database>
	</source>
	<size>
		<width>1536</width>
		<height>2048</height>
		<depth>3</depth>
	</size>
	<segmented>0</segmented>
	<object>
		<name>panel</name>
		<pose>Unspecified</pose>
		<truncated>0</truncated>
		<difficult>0</difficult>
		<bndbox>
			<xmin>325</xmin>
			<ymin>337</ymin>
			<xmax>767</xmax>
			<ymax>1698</ymax>
		</bndbox>
	</object>
	<object>
		<name>panel</name>
		<pose>Unspecified</pose>
		<truncated>0</truncated>
		<difficult>0</difficult>
		<bndbox>
			<xmin>723</xmin>
			<ymin>173</ymin>
			<xmax>1073</xmax>
			<ymax>1928</ymax>
		</bndbox>
	</object>
</annotation>
