<annotation>
	<folder>p</folder>
	<filename>13.jpg</filename>
	<path>D:\else\yolox\img\p\13.jpg</path>
	<source>
		<database>Unknown</database>
	</source>
	<size>
		<width>3024</width>
		<height>4032</height>
		<depth>3</depth>
	</size>
	<segmented>0</segmented>
	<object>
		<name>panel</name>
		<pose>Unspecified</pose>
		<truncated>0</truncated>
		<difficult>0</difficult>
		<bndbox>
			<xmin>1126</xmin>
			<ymin>431</ymin>
			<xmax>1895</xmax>
			<ymax>3862</ymax>
		</bndbox>
	</object>
</annotation>
