<annotation>
	<folder>p</folder>
	<filename>36.jpg</filename>
	<path>D:\else\yolox\img\p\36.jpg</path>
	<source>
		<database>Unknown</database>
	</source>
	<size>
		<width>1574</width>
		<height>2100</height>
		<depth>3</depth>
	</size>
	<segmented>0</segmented>
	<object>
		<name>panel</name>
		<pose>Unspecified</pose>
		<truncated>0</truncated>
		<difficult>0</difficult>
		<bndbox>
			<xmin>458</xmin>
			<ymin>383</ymin>
			<xmax>904</xmax>
			<ymax>1727</ymax>
		</bndbox>
	</object>
</annotation>
