<annotation>
	<folder>p</folder>
	<filename>4.jpg</filename>
	<path>D:\else\yolox\img\p\4.jpg</path>
	<source>
		<database>Unknown</database>
	</source>
	<size>
		<width>3024</width>
		<height>4032</height>
		<depth>3</depth>
	</size>
	<segmented>0</segmented>
	<object>
		<name>panel</name>
		<pose>Unspecified</pose>
		<truncated>0</truncated>
		<difficult>0</difficult>
		<bndbox>
			<xmin>1032</xmin>
			<ymin>906</ymin>
			<xmax>1998</xmax>
			<ymax>3509</ymax>
		</bndbox>
	</object>
</annotation>
