<annotation>
	<folder>p</folder>
	<filename>40.jpg</filename>
	<path>D:\else\yolox\img\p\40.jpg</path>
	<source>
		<database>Unknown</database>
	</source>
	<size>
		<width>1536</width>
		<height>2048</height>
		<depth>3</depth>
	</size>
	<segmented>0</segmented>
	<object>
		<name>panel</name>
		<pose>Unspecified</pose>
		<truncated>0</truncated>
		<difficult>0</difficult>
		<bndbox>
			<xmin>523</xmin>
			<ymin>372</ymin>
			<xmax>976</xmax>
			<ymax>1495</ymax>
		</bndbox>
	</object>
</annotation>
