<annotation>
	<folder>p</folder>
	<filename>45.jpg</filename>
	<path>D:\else\yolox\img\p\45.jpg</path>
	<source>
		<database>Unknown</database>
	</source>
	<size>
		<width>1536</width>
		<height>2048</height>
		<depth>3</depth>
	</size>
	<segmented>0</segmented>
	<object>
		<name>panel</name>
		<pose>Unspecified</pose>
		<truncated>0</truncated>
		<difficult>0</difficult>
		<bndbox>
			<xmin>567</xmin>
			<ymin>209</ymin>
			<xmax>998</xmax>
			<ymax>1943</ymax>
		</bndbox>
	</object>
</annotation>
