<annotation>
	<folder>p</folder>
	<filename>49.jpg</filename>
	<path>D:\else\yolox\img\p\49.jpg</path>
	<source>
		<database>Unknown</database>
	</source>
	<size>
		<width>1536</width>
		<height>2048</height>
		<depth>3</depth>
	</size>
	<segmented>0</segmented>
	<object>
		<name>panel</name>
		<pose>Unspecified</pose>
		<truncated>0</truncated>
		<difficult>0</difficult>
		<bndbox>
			<xmin>595</xmin>
			<ymin>664</ymin>
			<xmax>956</xmax>
			<ymax>1570</ymax>
		</bndbox>
	</object>
</annotation>
