<annotation>
	<folder>p</folder>
	<filename>58.jpg</filename>
	<path>D:\else\yolox\img\p\58.jpg</path>
	<source>
		<database>Unknown</database>
	</source>
	<size>
		<width>917</width>
		<height>1024</height>
		<depth>3</depth>
	</size>
	<segmented>0</segmented>
	<object>
		<name>panel</name>
		<pose>Unspecified</pose>
		<truncated>0</truncated>
		<difficult>0</difficult>
		<bndbox>
			<xmin>185</xmin>
			<ymin>151</ymin>
			<xmax>774</xmax>
			<ymax>794</ymax>
		</bndbox>
	</object>
</annotation>
