<annotation>
	<folder>n</folder>
	<filename>12.jpg</filename>
	<path>D:\else\yolox\img\n\12.jpg</path>
	<source>
		<database>Unknown</database>
	</source>
	<size>
		<width>1536</width>
		<height>2048</height>
		<depth>3</depth>
	</size>
	<segmented>0</segmented>
	<object>
		<name>panel</name>
		<pose>Unspecified</pose>
		<truncated>0</truncated>
		<difficult>0</difficult>
		<bndbox>
			<xmin>201</xmin>
			<ymin>559</ymin>
			<xmax>1293</xmax>
			<ymax>1461</ymax>
		</bndbox>
	</object>
</annotation>
