<annotation>
	<folder>n</folder>
	<filename>13.jpg</filename>
	<path>D:\else\yolox\img\n\13.jpg</path>
	<source>
		<database>Unknown</database>
	</source>
	<size>
		<width>1536</width>
		<height>2048</height>
		<depth>3</depth>
	</size>
	<segmented>0</segmented>
	<object>
		<name>panel</name>
		<pose>Unspecified</pose>
		<truncated>0</truncated>
		<difficult>0</difficult>
		<bndbox>
			<xmin>518</xmin>
			<ymin>287</ymin>
			<xmax>1070</xmax>
			<ymax>1768</ymax>
		</bndbox>
	</object>
</annotation>
