<annotation>
	<folder>p</folder>
	<filename>8.jpg</filename>
	<path>D:\else\yolox\img\p\8.jpg</path>
	<source>
		<database>Unknown</database>
	</source>
	<size>
		<width>3024</width>
		<height>4032</height>
		<depth>3</depth>
	</size>
	<segmented>0</segmented>
	<object>
		<name>panel</name>
		<pose>Unspecified</pose>
		<truncated>0</truncated>
		<difficult>0</difficult>
		<bndbox>
			<xmin>1110</xmin>
			<ymin>900</ymin>
			<xmax>1970</xmax>
			<ymax>3575</ymax>
		</bndbox>
	</object>
</annotation>
