<annotation>
	<folder>n</folder>
	<filename>18.jpg</filename>
	<path>D:\else\yolox\img\n\18.jpg</path>
	<source>
		<database>Unknown</database>
	</source>
	<size>
		<width>3024</width>
		<height>4032</height>
		<depth>3</depth>
	</size>
	<segmented>0</segmented>
	<object>
		<name>panel</name>
		<pose>Unspecified</pose>
		<truncated>0</truncated>
		<difficult>0</difficult>
		<bndbox>
			<xmin>582</xmin>
			<ymin>1084</ymin>
			<xmax>2467</xmax>
			<ymax>2731</ymax>
		</bndbox>
	</object>
</annotation>
