<annotation>
	<folder>n</folder>
	<filename>19.jpg</filename>
	<path>D:\else\yolox\img\n\19.jpg</path>
	<source>
		<database>Unknown</database>
	</source>
	<size>
		<width>3024</width>
		<height>4032</height>
		<depth>3</depth>
	</size>
	<segmented>0</segmented>
	<object>
		<name>panel</name>
		<pose>Unspecified</pose>
		<truncated>0</truncated>
		<difficult>0</difficult>
		<bndbox>
			<xmin>989</xmin>
			<ymin>1025</ymin>
			<xmax>1942</xmax>
			<ymax>2750</ymax>
		</bndbox>
	</object>
</annotation>
