<annotation>
	<folder>n</folder>
	<filename>21.jpg</filename>
	<path>D:\else\yolox\img\n\21.jpg</path>
	<source>
		<database>Unknown</database>
	</source>
	<size>
		<width>3024</width>
		<height>4032</height>
		<depth>3</depth>
	</size>
	<segmented>0</segmented>
	<object>
		<name>panel</name>
		<pose>Unspecified</pose>
		<truncated>0</truncated>
		<difficult>0</difficult>
		<bndbox>
			<xmin>885</xmin>
			<ymin>1353</ymin>
			<xmax>1714</xmax>
			<ymax>3587</ymax>
		</bndbox>
	</object>
</annotation>
