<annotation>
	<folder>n</folder>
	<filename>23.jpg</filename>
	<path>D:\else\yolox\img\n\23.jpg</path>
	<source>
		<database>Unknown</database>
	</source>
	<size>
		<width>798</width>
		<height>1024</height>
		<depth>3</depth>
	</size>
	<segmented>0</segmented>
	<object>
		<name>panel</name>
		<pose>Unspecified</pose>
		<truncated>0</truncated>
		<difficult>0</difficult>
		<bndbox>
			<xmin>245</xmin>
			<ymin>18</ymin>
			<xmax>505</xmax>
			<ymax>1015</ymax>
		</bndbox>
	</object>
</annotation>
