<annotation>
	<folder>n</folder>
	<filename>24.jpg</filename>
	<path>D:\else\yolox\img\n\24.jpg</path>
	<source>
		<database>Unknown</database>
	</source>
	<size>
		<width>679</width>
		<height>1024</height>
		<depth>3</depth>
	</size>
	<segmented>0</segmented>
	<object>
		<name>panel</name>
		<pose>Unspecified</pose>
		<truncated>0</truncated>
		<difficult>0</difficult>
		<bndbox>
			<xmin>114</xmin>
			<ymin>323</ymin>
			<xmax>289</xmax>
			<ymax>735</ymax>
		</bndbox>
	</object>
	<object>
		<name>panel</name>
		<pose>Unspecified</pose>
		<truncated>0</truncated>
		<difficult>0</difficult>
		<bndbox>
			<xmin>286</xmin>
			<ymin>218</ymin>
			<xmax>452</xmax>
			<ymax>914</ymax>
		</bndbox>
	</object>
</annotation>
