<annotation>
	<folder>n</folder>
	<filename>25.jpg</filename>
	<path>D:\else\yolox\img\n\25.jpg</path>
	<source>
		<database>Unknown</database>
	</source>
	<size>
		<width>699</width>
		<height>1024</height>
		<depth>3</depth>
	</size>
	<segmented>0</segmented>
	<object>
		<name>panel</name>
		<pose>Unspecified</pose>
		<truncated>0</truncated>
		<difficult>0</difficult>
		<bndbox>
			<xmin>246</xmin>
			<ymin>8</ymin>
			<xmax>515</xmax>
			<ymax>998</ymax>
		</bndbox>
	</object>
</annotation>
