<annotation>
	<folder>n</folder>
	<filename>26.jpg</filename>
	<path>D:\else\yolox\img\n\26.jpg</path>
	<source>
		<database>Unknown</database>
	</source>
	<size>
		<width>529</width>
		<height>697</height>
		<depth>3</depth>
	</size>
	<segmented>0</segmented>
	<object>
		<name>panel</name>
		<pose>Unspecified</pose>
		<truncated>0</truncated>
		<difficult>0</difficult>
		<bndbox>
			<xmin>70</xmin>
			<ymin>111</ymin>
			<xmax>360</xmax>
			<ymax>624</ymax>
		</bndbox>
	</object>
</annotation>
